{
  "schema_version": 1,
  "start_points": [
    {
      "room_id": 6,
      "area_fingerprint": "7fbfaf73df68dab53633670963b83573d8ad5ff83cf11c09bd2b0be11624cc30",
      "start_world_xy": [
        32.103691538494644,
        -64.44451845860777
      ]
    },
    {
      "room_id": 16,
      "area_fingerprint": "2f3a4f170ae0de4b3eb325421d00b1ca3315ee4cbe42581637d1a31de5f9e4f1",
      "start_world_xy": [
        -0.29362664653777415,
        -8.739814245838112
      ]
    }
  ]
}
