{
  "use_custom_order": true,
  "nodes": [],
  "extra_edges": [],
  "room_endpoints": {
    "1": [
      3.6517226851147875,
      31.839491447486736,
      21.74300713438343,
      20.743183909091996
    ]
  },
  "tsp_rooms": [
    1,
    2,
    3,
    4,
    5,
    6
  ]
}
